<?xml version="1.0" encoding="utf-8" ?>
<extension type="package" version="3.x" method="upgrade">
 <identifier>pkg:bannermaker</identifier>
 <name>Bannermaker Package</name>
 <author>Kian William Nowrouzian</author>
 <creationDate>July 2017</creationDate>
 <license>GNU/GPLv3 http://www.gnu.org/licenses/gpl-3.0.html</license>
 <packagename>bannermaker</packagename>
 <version>1.0.0</version>
 <url>http://www.extensions.lord121.ir</url>
 <packager>Kian William Nowrouzian</packager>
 <packagerurl>http://www.extensions.lord121.ir</packagerurl>
 <description><![CDATA[<div style="color:#fff; background-color:#f015d9; padding:5px;">The complete package of bannermaker including both component, module and plugin. Enjoy!</div> ]]></description>
 <update>http://www.extensions.lord121.ir</update>
 <scriptfile>script.php</scriptfile>
 <files>
   <file type="component" id="com_bannermaker" >admin.zip</file>
   <file type="module" id="mod_bannermaker" client="site">modules.zip</file>
   <file type="plugin" id="plg_bannermaker" client="site">plugins.zip</file>

</files>
<updateservers>
		<server type="collection" name="pkg_bannermaker"><![CDATA[http://www.extensions.lord121.ir/myextensions.xml]]></server>
</updateservers>
 </extension>